Transaction ID,Creation Time,Amount,Transaction Type,Reason  
 asdasd,06/12/2024 7:56 AM,123,Outgoing,testing from docs  
 cchhfc,06/12/2024 7:56 AM,120,Outgoing,created  
 cbfdab,06/12/2024 8:10 AM,2303,Outgoing,testing from desktop app  
 bdhbeg,06/12/2024 8:28 AM,200,Outgoing,hello  
 efeece,06/12/2024 8:28 AM,23,Outgoing,testing  
 defhbh,06/12/2024 8:28 AM,2769,Incoming,income  
 ffbefd,06/12/2024 8:28 AM,230,Outgoing,hello  
 badfec,06/12/2024 8:28 AM,23,Outgoing,ahsdad  
 fcefeg,06/12/2024 8:28 AM,233,Outgoing,connection back transaction  
 ebggde,06/12/2024 8:28 AM,100,Outgoing,hello  
 bchbeb,06/12/2024 8:28 AM,200,Outgoing,testing from linux  
 bcfgcb,06/12/2024 8:28 AM,30,Outgoing,now internet is on  
 gdedge,06/12/2024 8:28 AM,23,Outgoing,testinf  
 bgfhdg,06/12/2024 8:28 AM,230,Outgoing,hello  
 hfbabb,06/12/2024 8:28 AM,23,Outgoing,hello  
 ggfcfb,06/12/2024 8:28 AM,233,Outgoing,hello  
 hfbabb,06/12/2024 8:28 AM,23,Outgoing,hello  
 ggfcfb,06/12/2024 8:28 AM,233,Outgoing,hello  
 hfbabb,06/12/2024 8:28 AM,23,Outgoing,hello  
 ggfcfb,06/12/2024 8:28 AM,233,Outgoing,hello  
 hfbabb,06/12/2024 8:28 AM,23,Outgoing,hello  
 ggfcfb,06/12/2024 8:28 AM,233,Outgoing,hello  
 hcbeda,08/12/2024 4:33 PM,30,Outgoing,hello  
 ddfefb,08/12/2024 4:33 PM,10,Outgoing,testing  
 gbfahb,08/12/2024 4:33 PM,23,Outgoing,hello  
 egcbfg,08/12/2024 4:33 PM,230,Outgoing,testing  
 eabeea,08/12/2024 4:33 PM,3000,Incoming,test  
 dhecgc,08/12/2024 7:10 PM,230,Outgoing,hello  
 cbagch,08/12/2024 7:10 PM,10,Given,testing given  
 dcecdf,08/12/2024 7:10 PM,23,Taken,testing taken  
 